{"left_up":[9.380000114440918,13.699999809265137,17.98999786376953,22.0,28.503000259399415,1.3000001907348633,5.300000190734863,37.369998931884769,41.529998779296878,70.83000183105469,81.44998931884766,85.42998504638672,89.44000244140625,91.52999877929688,95.45999145507813,99.43998718261719,105.18000030517578,111.02999877929688,124.7300033569336,134.8699951171875,141.5,152.38999938964845,158.19000244140626,156.89999389648438,164.7899932861328,176.1800079345703,177.10000610351563,188.9499969482422,197.82000732421876,199.9199981689453,202.02999877929688,203.9199981689453,205.91000366210938,208.00999450683595,213.5500030517578,210.0500030517578,229.02999877929688,229.69000244140626,233.5,237.30999755859376,244.29998779296876,245.54000854492188,249.35000610351563,253.16000366210938,260.14996337890627,261.4100036621094,265.2200012207031,269.0299987792969,269.54998779296877,276.7799987792969,293.7400207519531,294.7400207519531,295.70001220703127,296.70001220703127,297.57000732421877,298.5299987792969,299.5299987792969,306.17999267578127,312.92999267578127,313.97998046875,315.0,316.04998779296877,334.96002197265627,335.94000244140627,320.97998046875,322.02996826171877,323.04998779296877,324.0999755859375,329.0199890136719,330.0699768066406,331.0899963378906,332.1399841308594,338.67999267578127,339.65997314453127,350.9200134277344,361.8099670410156,365.78997802734377,369.79998779296877,371.8899841308594,375.8199768066406,379.7999572753906,385.53997802734377],"left_down":[2.3000001907348635,7.300000190734863,10.380000114440918,16.649999618530275,15.649999618530274,18.98999786376953,24.0,26.69300079345703,30.630001068115236,34.72999954223633,39.18000030517578,43.630001068115237,48.0,63.790000915527347,65.79000091552735,67.79000091552735,69.79000091552735,64.83000183105469,66.83000183105469,68.83000183105469,76.54000091552735,79.63999938964844,83.22000122070313,87.19999694824219,93.2199935913086,103.27999877929688,97.2300033569336,101.20999908447266,113.79000091552735,122.05999755859375,130.6999969482422,132.6999969482422,131.739990234375,133.6899871826172,140.5,142.55999755859376,150.47999572753907,154.4199981689453,157.510009765625,162.6499786376953,166.69000244140626,174.05999755859376,178.16000366210938,174.97999572753907,179.0800018310547,182.30999755859376,184.1699981689453,186.04000854492188,191.0800018310547,192.02000427246095,190.16000366210938,192.97000122070313,193.8900146484375,194.86000061035157,195.85000610351563,196.8199920654297,211.69000244140626,212.760009765625,195.85000610351563,222.1999969482422,227.50997924804688,228.1300048828125,230.66000366210938,234.47000122070313,235.32000732421876,238.27999877929688,239.1300048828125,243.3300018310547,246.510009765625,250.32000732421876,251.17001342773438,254.1300048828125,254.98001098632813,259.17999267578127,262.3800048828125,266.19000244140627,270.0,275.0799865722656,270.5199890136719,273.2500305175781,278.0400085449219,279.0400085449219,280.0,281.0,281.8699951171875,282.8299865722656,283.8299865722656,305.65997314453127,306.75,308.8800048828125,309.9599914550781,332.97003173828127,334.0500183105469,310.8800048828125,311.9599914550781,316.92999267578127,318.0099792480469,318.92999267578127,320.0099792480469,324.9700012207031,326.04998779296877,326.9700012207031,328.04998779296877,336.69000244140627,337.7699890136719,340.239990234375,341.2299499511719,342.1999816894531,343.18994140625,344.1900329589844,345.17999267578127,346.1500244140625,347.1399841308594,348.0899963378906,349.0799560546875,350.04998779296877,356.8999938964844,360.0,363.5799865722656,367.55999755859377,373.5799865722656,383.6399841308594,377.5899963378906,381.5699768066406,360.8299865722656,364.67999267578127,368.760009765625,378.75],"right_down":[2.8000001907348635,10.880000114440918,19.48999786376953,7.300000190734863,16.149999618530275,24.0,27.88300132751465,30.649999618530275,36.16999816894531,39.20000076293945,43.630001068115237,48.0,49.0,50.0,51.0,52.0,55.869998931884769,57.869998931884769,59.869998931884769,61.869998931884769,63.790000915527347,65.79000091552735,67.79000091552735,69.79000091552735,64.83000183105469,66.83000183105469,68.83000183105469,79.63999938964844,83.22000122070313,87.19999694824219,94.23999786376953,105.18000030517578,97.2300033569336,101.20999908447266,115.06999969482422,121.37000274658203,122.79000091552735,126.75,128.75,130.6999969482422,132.6999969482422,131.739990234375,133.6899871826172,136.86000061035157,139.4399871826172,144.36000061035157,148.3300018310547,156.17999267578126,157.510009765625,160.64999389648438,168.739990234375,172.19000244140626,180.20999145507813,173.11000061035157,181.27999877929688,183.22999572753907,184.1699981689453,182.30999755859376,185.1199951171875,186.04000854492188,187.00999450683595,190.16000366210938,192.02000427246095,193.8900146484375,195.85000610351563,207.0,209.00999450683595,212.2200164794922,195.85000610351563,222.1999969482422,227.83999633789063,228.39999389648438,231.74000549316407,235.57000732421876,239.3800048828125,242.22999572753907,243.0800018310547,247.5900115966797,251.42001342773438,255.23001098632813,258.08001708984377,258.92999267578127,263.46002197265627,267.2900085449219,271.1000061035156,273.2500305175781,271.6199951171875,275.0799865722656,291.6700134277344,285.9100036621094,286.8699951171875,287.8699951171875,288.739990234375,289.6999816894531,290.6999816894531,304.9999694824219,306.75,308.3399963378906,309.44000244140627,332.4300231933594,333.530029296875,310.3399963378906,311.44000244140627,316.3899841308594,317.489990234375,318.3899841308594,319.489990234375,324.42999267578127,325.5299987792969,326.42999267578127,327.5299987792969,336.1499938964844,337.25,340.25,341.2399597167969,342.2099914550781,343.199951171875,344.2000427246094,345.19000244140627,346.1600341796875,347.1499938964844,348.1000061035156,349.0899658203125,350.05999755859377,360.0,363.5799865722656,367.55999755859377,374.5999755859375,385.53997802734377,377.5899963378906,381.5699768066406,360.8299865722656,364.67999267578127,368.760009765625,378.75],"right_up":[13.699999809265137,1.8000001907348633,5.300000190734863,9.880000114440918,18.489999771118165,22.0,29.163000106811525,37.939998626708987,41.5099983215332,78.33000183105469,70.83000183105469,81.44998931884766,85.42998504638672,89.44000244140625,92.49000549316406,95.45999145507813,99.43998718261719,103.2800064086914,117.04000091552735,119.34000396728516,134.8699951171875,138.5399932861328,146.41001892089845,158.19000244140626,156.89999389648438,158.96002197265626,170.41000366210938,171.3300018310547,187.99002075195313,197.82000732421876,198.91000366210938,199.9199981689453,200.9199981689453,202.02999877929688,202.97999572753907,203.9199981689453,204.89999389648438,205.91000366210938,208.00999450683595,213.5500030517578,210.8699951171875,229.02999877929688,232.7100067138672,236.52000427246095,240.35000610351563,241.25999450683595,248.5600128173828,252.37001037597657,256.20001220703127,257.1099853515625,264.42999267578127,268.239990234375,272.07000732421877,272.5899963378906,276.7799987792969,301.6100158691406,302.57000732421877,303.57000732421877,304.44000244140627,312.54998779296877,313.4999694824219,314.57000732421877,315.5199890136719,334.60003662109377,335.4100036621094,320.5999755859375,321.5499572753906,322.6199951171875,323.5699768066406,328.6399841308594,329.5899658203125,330.6600036621094,331.6099853515625,338.32000732421877,339.1299743652344,350.9300231933594,358.69000244140627,361.8099670410156,365.78997802734377,369.79998779296877,372.8499755859375,375.8199768066406,379.7999572753906,383.6399841308594],"endTriggerPos":790.0}