{"left_up":[11.630000114440918,15.949999809265137,20.23999786376953,24.25,30.753000259399415,3.5500001907348635,7.550000190734863,39.619998931884769,43.779998779296878,73.08000183105469,83.69998931884766,87.67998504638672,91.69000244140625,93.77999877929688,97.70999145507813,101.68998718261719,107.43000030517578,113.27999877929688,126.9800033569336,137.1199951171875,143.75,154.63999938964845,160.44000244140626,159.14999389648438,167.0399932861328,178.4300079345703,179.35000610351563,191.1999969482422,200.07000732421876,202.1699981689453,204.27999877929688,206.1699981689453,208.16000366210938,210.25999450683595,215.8000030517578,212.3000030517578,231.27999877929688,231.94000244140626,235.75,239.55999755859376,246.54998779296876,247.79000854492188,251.60000610351563,255.41000366210938,262.39996337890627,263.6600036621094,267.4700012207031,271.2799987792969,271.79998779296877,279.0299987792969,295.9900207519531,296.9900207519531,297.95001220703127,298.95001220703127,299.82000732421877,300.7799987792969,301.7799987792969,308.42999267578127,315.17999267578127,316.22998046875,317.25,318.29998779296877,337.21002197265627,338.19000244140627,323.22998046875,324.27996826171877,325.29998779296877,326.3499755859375,331.2699890136719,332.3199768066406,333.3399963378906,334.3899841308594,340.92999267578127,341.90997314453127,353.1700134277344,364.0599670410156,368.03997802734377,372.04998779296877,374.1399841308594,378.0699768066406,382.0499572753906,387.78997802734377],"left_down":[4.550000190734863,9.550000190734864,12.630000114440918,18.899999618530275,17.899999618530275,21.23999786376953,26.25,28.94300079345703,32.880001068115237,36.97999954223633,41.43000030517578,45.880001068115237,50.25,66.04000091552735,68.04000091552735,70.04000091552735,72.04000091552735,67.08000183105469,69.08000183105469,71.08000183105469,78.79000091552735,81.88999938964844,85.47000122070313,89.44999694824219,95.4699935913086,105.52999877929688,99.4800033569336,103.45999908447266,116.04000091552735,124.30999755859375,132.9499969482422,134.9499969482422,133.989990234375,135.9399871826172,142.75,144.80999755859376,152.72999572753907,156.6699981689453,159.760009765625,164.8999786376953,168.94000244140626,176.30999755859376,180.41000366210938,177.22999572753907,181.3300018310547,184.55999755859376,186.4199981689453,188.29000854492188,193.3300018310547,194.27000427246095,192.41000366210938,195.22000122070313,196.1400146484375,197.11000061035157,198.10000610351563,199.0699920654297,213.94000244140626,215.010009765625,198.10000610351563,224.4499969482422,229.75997924804688,230.3800048828125,232.91000366210938,236.72000122070313,237.57000732421876,240.52999877929688,241.3800048828125,245.5800018310547,248.760009765625,252.57000732421876,253.42001342773438,256.3800048828125,257.2300109863281,261.42999267578127,264.6300048828125,268.44000244140627,272.25,277.3299865722656,272.7699890136719,275.5000305175781,280.2900085449219,281.2900085449219,282.25,283.25,284.1199951171875,285.0799865722656,286.0799865722656,307.90997314453127,309.0,311.1300048828125,312.2099914550781,335.22003173828127,336.3000183105469,313.1300048828125,314.2099914550781,319.17999267578127,320.2599792480469,321.17999267578127,322.2599792480469,327.2200012207031,328.29998779296877,329.2200012207031,330.29998779296877,338.94000244140627,340.0199890136719,342.489990234375,343.4799499511719,344.4499816894531,345.43994140625,346.4400329589844,347.42999267578127,348.4000244140625,349.3899841308594,350.3399963378906,351.3299560546875,352.29998779296877,359.1499938964844,362.25,365.8299865722656,369.80999755859377,375.8299865722656,385.8899841308594,379.8399963378906,383.8199768066406,363.0799865722656,366.92999267578127,371.010009765625,381.0],"right_down":[5.050000190734863,13.130000114440918,21.73999786376953,9.550000190734864,18.399999618530275,26.25,30.13300132751465,32.900001525878909,38.41999816894531,41.45000076293945,45.880001068115237,50.25,51.25,52.25,53.25,54.25,58.119998931884769,60.119998931884769,62.119998931884769,64.1199951171875,66.04000091552735,68.04000091552735,70.04000091552735,72.04000091552735,67.08000183105469,69.08000183105469,71.08000183105469,81.88999938964844,85.47000122070313,89.44999694824219,96.48999786376953,107.43000030517578,99.4800033569336,103.45999908447266,117.31999969482422,123.62000274658203,125.04000091552735,129.0,131.0,132.9499969482422,134.9499969482422,133.989990234375,135.9399871826172,139.11000061035157,141.6899871826172,146.61000061035157,150.5800018310547,158.42999267578126,159.760009765625,162.89999389648438,170.989990234375,174.44000244140626,182.45999145507813,175.36000061035157,183.52999877929688,185.47999572753907,186.4199981689453,184.55999755859376,187.3699951171875,188.29000854492188,189.25999450683595,192.41000366210938,194.27000427246095,196.1400146484375,198.10000610351563,209.25,211.25999450683595,214.4700164794922,198.10000610351563,224.4499969482422,230.08999633789063,230.64999389648438,233.99000549316407,237.82000732421876,241.6300048828125,244.47999572753907,245.3300018310547,249.8400115966797,253.67001342773438,257.4800109863281,260.33001708984377,261.17999267578127,265.71002197265627,269.5400085449219,273.3500061035156,275.5000305175781,273.8699951171875,277.3299865722656,293.9200134277344,288.1600036621094,289.1199951171875,290.1199951171875,290.989990234375,291.9499816894531,292.9499816894531,307.2499694824219,309.0,310.5899963378906,311.69000244140627,334.6800231933594,335.780029296875,312.5899963378906,313.69000244140627,318.6399841308594,319.739990234375,320.6399841308594,321.739990234375,326.67999267578127,327.7799987792969,328.67999267578127,329.7799987792969,338.3999938964844,339.5,342.5,343.4899597167969,344.4599914550781,345.449951171875,346.4500427246094,347.44000244140627,348.4100341796875,349.3999938964844,350.3500061035156,351.3399658203125,352.30999755859377,362.25,365.8299865722656,369.80999755859377,376.8499755859375,387.78997802734377,379.8399963378906,383.8199768066406,363.0799865722656,366.92999267578127,371.010009765625,381.0],"right_up":[15.949999809265137,4.050000190734863,7.550000190734863,12.130000114440918,20.739999771118165,24.25,31.413000106811525,40.189998626708987,43.7599983215332,80.58000183105469,73.08000183105469,83.69998931884766,87.67998504638672,91.69000244140625,94.74000549316406,97.70999145507813,101.68998718261719,105.5300064086914,119.29000091552735,121.59000396728516,137.1199951171875,140.7899932861328,148.66001892089845,160.44000244140626,159.14999389648438,161.21002197265626,172.66000366210938,173.5800018310547,190.24002075195313,200.07000732421876,201.16000366210938,202.1699981689453,203.1699981689453,204.27999877929688,205.22999572753907,206.1699981689453,207.14999389648438,208.16000366210938,210.25999450683595,215.8000030517578,213.1199951171875,231.27999877929688,234.9600067138672,238.77000427246095,242.60000610351563,243.50999450683595,250.8100128173828,254.62001037597657,258.45001220703127,259.3599853515625,266.67999267578127,270.489990234375,274.32000732421877,274.8399963378906,279.0299987792969,303.8600158691406,304.82000732421877,305.82000732421877,306.69000244140627,314.79998779296877,315.7499694824219,316.82000732421877,317.7699890136719,336.85003662109377,337.6600036621094,322.8499755859375,323.7999572753906,324.8699951171875,325.8199768066406,330.8899841308594,331.8399658203125,332.9100036621094,333.8599853515625,340.57000732421877,341.3799743652344,353.1800231933594,360.94000244140627,364.0599670410156,368.03997802734377,372.04998779296877,375.0999755859375,378.0699768066406,382.0499572753906,385.8899841308594],"endTriggerPos":402.25}